{
  "setting": {},
  "condition": {
    "plugin": {
      "list": []
    },
    "game": {
      "list": []
    },
    "gamePlugin": {
      "list": []
    },
    "miniprogram": {
      "list": [
        {
          "name": "pages/zuche/zuche",
          "pathName": "pages/zuche/zuche",
          "query": "",
          "scene": null
        },
        {
          "name": "pages/paotui/paotui",
          "pathName": "pages/paotui/paotui",
          "query": "",
          "scene": null
        },
        {
          "name": "pages/yigon/yigon",
          "pathName": "pages/yigon/yigon",
          "query": "",
          "scene": null
        }
      ]
    }
  }
}